"code_ccbio","genus","species","common_name","species_symbol","spcd","nb_parcelles","lat_max","essence","ess","nom_latin","nom_francais","famille"
"Abbal","Abies","balsamea","balsam fir","ABBA","12","527172","61.513154","SB","SAB","Abies balsamea (L.) Mill.","Sapin baumier","Pinaceae"
"Abcon","Abies","concolor","white fir","ABCO","15","951","48.989209","","","","",""
"Abfra","Abies","fraseri","Fraser fir","ABFR","16","45304","60.37582","","","","",""
"Acbar","Acer","barbatum","Florida maple","ACBA3","311","291047","61.191916","","","Acer barbatum Michx.","Érable de Floride","Sapindaceae"
"Acleu","Acer","leucoderme","chalk maple","ACLE","323","78998","61.191916","","","","",""
"Acneg","Acer","negundo","boxelder","ACNE2","313","498259","61.411785","","","Acer negundo L.","Érable négondo","Sapindaceae"
"Acnig","Acer","nigrum","black maple","ACNI5","314","209765","61.191916","EI","ERN","Acer nigrum Michx.","Érable noir","Sapindaceae"
"Acpen","Acer","pensylvanicum","striped maple","ACPE","315","442394","61.513154","","ERP","Acer pensylvanicum L.","Érable de Pennsylvanie","Sapindaceae"
"Acpla","Acer","platanoides","Norway maple","ACPL","320","57642","61.315297","","","","",""
"Acrub","Acer","rubrum","red maple","ACRU","316","602256","61.513154","EO","ERR","Acer rubrum L.","Érable rouge","Sapindaceae"
"Acsac","Acer","saccharum","sugar maple","ACSA3","318","581323","61.513154","ES","ERS","Acer saccharum Marshall","Érable à sucre","Sapindaceae"
"Acsaci","Acer","saccharinum","silver maple","ACSA2","317","431189","61.223755","EA","ERA","Acer saccharinum L.","Érable argenté","Sapindaceae"
"Acspi","Acer","spicatum","mountain maple","ACSP2","319","381069","61.484498","","","","",""
"Aecal","Aesculus","californica","California buckeye","AECA","333","14516","48.94048","","","","",""
"Aefla","Aesculus","flava","yellow buckeye","AEFL","332","263951","61.292216","","","Aesculus flava Aiton","Marronnier à fleurs jaunes","Sapindaceae"
"Aegla","Aesculus","glabra","Ohio buckeye","AEGL","331","290653","61.191916","","","Aesculus glabra Willd.","Marronnier de l'Ohio","Sapindaceae"
"Aesyl","Aesculus","sylvatica","painted buckeye","AESY","337","8520","49.35","","","","",""
"Aialt","Ailanthus","altissima","ailanthus","AIAL","341","309103","61.513154","","","","",""
"Alglu","Alnus","glutinosa","European alder","ALGL2","355","6517","57.541283","","","Alnus glutinosa (L.) Gaertn.","Aulne glutineux","Betulaceae"
"Aljul","Albizia","julibrissin","mimosa, silktree","ALJU","345","171170","61.191916","","","","",""
"Amarb","Amelanchier","arborea","common serviceberry","AMAR3","357","76204","60.674997","","","","",""
"Amsan","Amelanchier","sanguinea","roundleaf serviceberry","AMSA","358","797","48.566311","","","","",""
"Angla","Annona","glabra","pond-apple","ANGL4","853","4433","55.188954","","","","",""
"Astri","Asimina","triloba","pawpaw","ASTR","367","293469","61.292216","","","Asimina triloba (L.) Dunal","Asiminier trilobé","Annonaceae"
"Avger","Avicennia","germinans","black-mangrove","AVGE","986","34004","56.517754","","","","",""
"Beall","Betula","alleghaniensis","yellow birch","BEAL2","371","546220","61.484498","BJ","BOJ","Betula alleghaniensis Britton","Bouleau jaune","Betulaceae"
"Belen","Betula","lenta","sweet birch","BELE","372","423348","61.513154","","","Betula lenta L.","Bouleau flexible","Betulaceae"
"Benig","Betula","nigra","river birch","BENI","373","350928","61.198815","","","Betula nigra L.","Bouleau noir","Betulaceae"
"Bepap","Betula","papyrifera","paper birch","BEPA","375","525511","61.513154","BP","BOP","Betula papyrifera Marshall","Bouleau à papier","Betulaceae"
"Bepop","Betula","populifolia","gray birch","BEPO","379","362879","61.315297","BG","BOG","Betula populifolia Marshall","Bouleau gris","Betulaceae"
"Busim","Bursera","simaruba","gumbo limbo","BUSI","854","8527","59.934828","","","","",""
"Caalb","Carya","alba","mockernut hickory","CAAL27","409","473925","61.513154","","","Carya alba (Mill.) K. Koch","Caryer tomenteux","Juglandaceae"
"Caaqu","Carya","aquatica","water hickory","CAAQ2","401","268298","61.191916","","","Carya aquatica (F. Michx.) Nutt.","Pacanier aquatique","Juglandaceae"
"Cabig","Catalpa","bignonioides","southern catalpa","CABI8","451","88864","60.416825","","","","",""
"Cacar","Carpinus","caroliniana","American hornbeam, musclewood","CACA18","391","512945","61.354273","","","Carpinus caroliniana Walter","Charme américain","Betulaceae"
"Cacars","Carya","carolinae-septentrionalis","southern shagbark hickory","CACA38","413","21252","61.191916","","","","",""
"Cacor","Carya","cordiformis","bitternut hickory","CACO15","402","477948","61.33211","CC","CAC","Carya cordiformis (Wangenh.) K. Koch","Caryer cordiforme","Juglandaceae"
"Caden","Castanea","dentata","American chestnut","CADE12","421","283528","61.191916","","","Castanea dentata (Marsh.) Borkh.","Châtaignier d'Amérique","Fagaceae"
"Caflo","Carya","floridana","scrub hickory","CAFL6","411","2338","49.35","","","","",""
"Cagla","Carya","glabra","pignut hickory","CAGL8","403","490041","61.513154","","","Carya glabra (Mill.) Sweet","Caryer glabre","Juglandaceae"
"Caill","Carya","illinoinensis","pecan","CAIL2","404","289579","61.191916","","","Carya illinoinensis (Wangenh.) C. Koch","Pacanier","Juglandaceae"
"Calac","Carya","laciniosa","shellbark hickory","CALA21","405","276336","61.191916","","","Carya laciniosa Michx. f.","Caryer lacinié","Juglandaceae"
"Calep","Casuarina","lepidophloia","belah","CALE28","857","9001","54.722757","","","","",""
"Camol","Castanea","mollissima","Chinese chestnut","CAMO83","424","15313","60.37582","","","","",""
"Camyr","Carya","myristiciformis","nutmeg hickory","CAMY","406","69673","61.191916","","","","",""
"Caova","Carya","ovata","shagbark hickory","CAOV2","407","496151","61.484498","CF","CAF","Carya ovata (Mill.) K. Koch","Caryer ovale","Juglandaceae"
"Caoval","Carya","ovalis","red hickory","CAOV3","412","116010","60.679921","","","","",""
"Capal","Carya","pallida","sand hickory","CAPA24","410","195957","61.191916","","","","",""
"Capum","Castanea","pumila","Allegheny chinkapin","CAPU9","422","92411","60.416825","","","","",""
"Caspe","Catalpa","speciosa","northern catalpa","CASP8","452","101137","61.357838","","","Catalpa speciosa Warder","Catalpa à feuilles cordées","Bignoniaceae"
"Catex","Carya","texana","black hickory","CATE9","408","424927","61.191916","","","","",""
"Cecan","Cercis","canadensis","eastern redbud","CECA4","471","420710","61.292216","","","Cercis canadensis L.","Gainier du Canada","Fabaceae"
"Celae","Celtis","laevigata","sugarberry","CELA","461","309636","61.191916","","","Celtis laevigata Willd.","Micocoulier du Mississippi","Ulmaceae"
"Ceocc","Celtis","occidentalis","hackberry","CEOC","462","446348","61.513154","","","Celtis occidentalis L.","Micocoulier occidental","Ulmaceae"
"Chthy","Chamaecyparis","thyoides","Atlantic white-cedar","CHTH2","43","218966","60.720141","","","Chamaecyparis thyoides (L.) Britton et al.","Cyprès blanc de l'Atlantique","Cupressaceae"
"Cicam","Cinnamomum","camphora","camphortree","CICA","858","38677","61.191916","","","","",""
"Clken","Cladrastis","kentukea","yellowwood","CLKE","481","27771","60.37582","","","","",""
"Coarg","Coccothrinax","argentata","Florida silver palm","COAR","907","447","56.024831","","","","",""
"Codiv","Coccoloba","diversifolia","tietongue, pigeon-plum","CODI8","863","3431","59.473207","","","","",""
"Coere","Conocarpus","erectus","buttonwood-mangrove","COER2","987","11969","49.32","","","","",""
"Coflo","Cornus","florida","flowering dogwood","COFL2","491","482033","61.484498","","","Cornus florida L.","Cornouiller fleuri","Cornaceae"
"Coobo","Cotinus","obovatus","smoketree","COOB2","996","22522","59.514377","","","","",""
"Crcru","Crataegus","crus-galli","cockspur hawthorn","CRCR2","501","53395","61.103998","","","","",""
"Crmol","Crataegus","mollis","downy hawthorn","CRMO2","502","80545","61.001364","","","","",""
"Divir","Diospyros","virginiana","common persimmon","DIVI5","521","425901","61.191916","","","Diospyros virginiana L.","Plaqueminier de Virginie","Ebenaceae"
"Elang","Elaeagnus","angustifolia","Russian-olive","ELAN","997","14559","60.31675","","","","",""
"Eugra","Eucalyptus","grandis","grand eucalyptus","EUGR12","513","5728","49.3","","","","",""
"Eurho","Eugenia","rhombea","red stopper","EURH","873","2372","59.934828","","","","",""
"Fagra","Fagus","grandifolia","American beech","FAGR","531","561715","61.484498","HG","HEG","Fagus grandifolia Ehrh.","Hêtre à grandes feuilles","Fagaceae"
"Fanot","Family Arecaceae","not listed above","other palms","ARECA","915","133441","61.191916","","","","",""
"Fiaur","Ficus","aurea","Florida strangler fig","FIAU","876","16232","60.416825","","","","",""
"Frame","Fraxinus","americana","white ash","FRAM2","541","567035","61.513154","FA","FRA","Fraxinus americana L.","Frêne blanc","Oleaceae"
"Frcar","Fraxinus","caroliniana","Carolina ash","FRCA3","548","160514","61.191916","","","","",""
"Frnig","Fraxinus","nigra","black ash","FRNI","543","502323","61.484498","FO","FRN","Fraxinus nigra Marshall","Frêne noir","Oleaceae"
"Frpen","Fraxinus","pennsylvanica","green ash","FRPE","544","537218","61.484498","FP","FRP","Fraxinus pennsylvanica Marsh.","Frêne rouge","Oleaceae"
"Frpro","Fraxinus","profunda","pumpkin ash","FRPR","545","155446","61.191916","","","","",""
"Frqua","Fraxinus","quadrangulata","blue ash","FRQU","546","225687","61.191916","","","Fraxinus quadrangulata Michx.","Frêne bleu","Oleaceae"
"Gibil","Ginkgo","biloba","ginkgo, maidenhair tree","GIBI2","561","16","46.02783","","","","",""
"Glaqu","Gleditsia","aquatica","waterlocust","GLAQ","551","143110","61.191916","","","","",""
"Gltri","Gleditsia","triacanthos","honeylocust","GLTR","552","390362","61.513154","","","Gleditsia triacanthos L.","Févier épineux","Fabaceae"
"Golas","Gordonia","lasianthus","loblolly-bay","GOLA","555","339874","61.191916","","","Gordonia lasianthus (L.) Ellis","Gordonie à feuilles glabres","Theaceae"
"Gudis","Guapira","discolor","beeftree, longleaf blolly","GUDI","882","1058","56.024831","","","","",""
"Gydio","Gymnocladus","dioicus","Kentucky coffeetree","GYDI","571","165278","61.191916","","","Gymnocladus dioicus (L.) K. Koch","Chicot févier","Fabaceae"
"Hacar","Halesia","carolina","Carolina silverbell","HACA3","581","192969","61.191916","","","","",""
"Hadip","Halesia","diptera","two-wing silverbell","HADI3","582","38284","60.416825","","","","",""
"Ilopa","Ilex","opaca","American holly","ILOP","591","376466","61.198815","","","Ilex opaca Aiton","Houx américain","Aquifoliaceae"
"Juash","Juniperus","ashei","Ashe juniper","JUAS","61","41589","60.37582","","","","",""
"Jucin","Juglans","cinerea","butternut","JUCI","601","402427","61.354273","NC","NOC","Juglans cinerea L.","Noyer cendré","Juglandaceae"
"Jufla","Juniperus","flaccida","Drooping juniper","JUFL","60","28010","60.416825","","","","",""
"Junig","Juglans","nigra","black walnut","JUNI","602","480974","61.513154","NN","NON","Juglans nigra L.","Noyer noir","Juglandaceae"
"Juvir","Juniperus","virginiana","eastern redcedar","JUVI","68","471089","61.373918","","","Juniperus virginiana L.","Genévrier de Virginie","Cupressaceae"
"Lalar","Larix","laricina","tamarack (native)","LALA","71","482016","61.513154","ML","MEL","Larix laricina (Du Roi) K. Koch","Mélèze laricin","Pinaceae"
"Larac","Laguncularia","racemosa","white-mangrove","LARA2","988","38301","49.34","","","","",""
"Listy","Liquidambar","styraciflua","sweetgum","LIST2","611","449868","61.198815","","","Liquidambar styraciflua L.","Copalme d'Amérique","Hamamelidaceae"
"Litul","Liriodendron","tulipifera","yellow-poplar","LITU","621","493244","61.513154","","","Liriodendron tulipifera L.","Tulipier de Virignie","Magnoliaceae"
"Maacu","Magnolia","acuminata","cucumbertree","MAAC","651","357726","61.484498","","","Magnolia acuminata L.","Magnolia acuminé","Magnoliaceae"
"Maang","Malus","angustifolia","southern crab apple","MAAN3","662","111635","61.191916","","","","",""
"Macor","Malus","coronaria","sweet crab apple","MACO5","663","11107","60.853377","","","","",""
"Mafra","Magnolia","fraseri","mountain or Fraser magnolia","MAFR","655","210857","61.484498","","","","",""
"Mafus","Malus","fusca","Oregon crab apple","MAFU","661","23442","48.946084","","","","",""
"Magra","Magnolia","grandiflora","southern magnolia","MAGR4","652","308005","61.191916","","","Magnolia grandiflora L.","Magnolia à grandes fleurs","Magnoliaceae"
"Maioe","Malus","ioensis","prairie crab apple","MAIO","664","4059","49.19","","","","",""
"Mamac","Magnolia","macrophylla","bigleaf magnolia","MAMA2","654","243030","61.191916","","","Magnolia macrophylla Michx.","Magnolia à grandes feuilles","Magnoliaceae"
"Mapom","Maclura","pomifera","Osage-orange","MAPO","641","348170","61.191916","","","Maclura pomifera (Raf.) C. K. Schneid.","Bois d'arc","Moraceae"
"Matri","Magnolia","tripetala","umbrella magnolia","MATR","658","123896","61.191916","","","","",""
"Mavir","Magnolia","virginiana","sweetbay","MAVI2","653","383281","61.191916","","","Magnolia virginiana L.","Magnolia de Virginie","Magnoliaceae"
"Meaze","Melia","azedarach","chinaberry","MEAZ","993","232599","61.191916","","","","",""
"Mequi","Melaleuca","quinquenervia","melaleuca","MEQU","992","67255","57.729599","","","","",""
"Metox","Metopium","toxiferum","Florida poisontree","METO3","886","5113","56.024831","","","","",""
"Moalb","Morus","alba","white mulberry","MOAL","681","283480","61.103998","","","","",""
"Morub","Morus","rubra","red mulberry","MORU2","682","403561","61.191916","","","Morus rubra L.","Mûrier rouge","Moraceae"
"Nyaqu","Nyssa","aquatica","water tupelo","NYAQ2","691","312152","61.191916","","","Nyssa aquatica L.","Tulépo aquatique","Cornaceae"
"Nybif","Nyssa","biflora","swamp tupelo","NYBI","694","388296","61.191916","","","","",""
"Nyoge","Nyssa","ogeche","Ogeechee tupelo","NYOG","692","191950","61.191916","","","Nyssa ogeche W. Bartram ex Marshall","Nyssa d'Ogeechee","Cornaceae"
"Nysyl","Nyssa","sylvatica","blackgum","NYSY","693","518083","61.484498","","","Nyssa sylvatica Marshall","Nyssa sylvestre","Cornaceae"
"Osvir","Ostrya","virginiana","eastern hophornbeam","OSVI","701","557565","61.484498","OV","OSV","Ostrya virginiana (Mill.) K. Koch","Ostryer de Virginie","Betulaceae"
"Oxarb","Oxydendrum","arboreum","sourwood","OXAR","711","374651","61.484498","","","Oxydendrum arboreum (L.) DC.","Arbre à oseille","Ericaceae"
"Patom","Paulownia","tomentosa","paulownia, empress-tree","PATO2","712","206314","61.191916","","","","",""
"Pebor","Persea","borbonia","redbay","PEBO","721","377205","61.191916","","","Persea borbonia (L.) Spreng.","Avocatier de Caroline","Lauraceae"
"Piabi","Picea","abies","Norway spruce","PIAB","91","155415","60.494777","","","","",""
"Piban","Pinus","banksiana","jack pine","PIBA2","105","468539","61.484498","PG","PIG","Pinus banksiana Lamb.","Pin gris","Pinaceae"
"Picla","Pinus","clausa","sand pine","PICL","107","269986","61.315297","","","","",""
"Picpun","Picea","pungens","blue spruce","PIPU","96","26382","61.191916","","","","",""
"Piech","Pinus","echinata","shortleaf pine","PIEC2","110","420470","61.198815","","","Pinus echinata Mill.","Pin à feuilles courtes","Pinaceae"
"Piell","Pinus","elliottii","slash pine","PIEL","111","386047","61.191916","","","Pinus elliottii Engelm.","Pin d'Elliott","Pinaceae"
"Pieng","Picea","engelmannii","Engelmann spruce","PIEN","93","1294","48.9","","","","",""
"Piglab","Pinus","glabra","spruce pine","PIGL2","115","291589","61.191916","","","Pinus glabra Walter","Pin de cèdre","Pinaceae"
"Piglau","Picea","glauca","white spruce","PIGL","94","499739","61.449892","EB","EPB","Picea glauca (Moench) Voss","Épinette blanche","Pinaceae"
"Pimar","Picea","mariana","black spruce","PIMA","95","494142","61.513154","EN","EPN","Picea mariana (Mill.) Britton et al.","Épinette noire","Pinaceae"
"Pinig","Pinus","nigra","Austrian pine","PINI","136","21270","60.868085","","","","",""
"Pipal","Pinus","palustris","longleaf pine","PIPA2","121","377879","61.191916","","","Pinus palustris Mill.","Pin des marais","Pinaceae"
"Pipis","Piscidia","piscipula","fishpoison tree","PIPI3","887","415","48.88","","","","",""
"Pipon","Pinus","ponderosa","ponderosa pine","PIPO","122","4761","49.34","","","","",""
"Pipun","Pinus","pungens","Table Mountain pine","PIPU5","123","256810","61.191916","","","Pinus pungens Lamb.","Pin de plateau","Pinaceae"
"Pires","Pinus","resinosa","red pine","PIRE","125","476992","61.484498","PR","PIR","Pinus resinosa Aiton","Pin rouge","Pinaceae"
"Pirig","Pinus","rigida","pitch pine","PIRI","126","374132","61.191916","PC","PID","Pinus rigida Mill.","Pin rigide","Pinaceae"
"Pirub","Picea","rubens","red spruce","PIRU","97","411736","61.513154","EU","EPR","Picea rubens Sarg.","Épinette rouge","Pinaceae"
"Piser","Pinus","serotina","pond pine","PISE","128","340150","61.191916","","","Pinus serotina Michx.","Pin des mares","Pinaceae"
"Pistr","Pinus","strobus","eastern white pine","PIST","129","562530","61.484498","PB","PIB","Pinus strobus L.","Pin blanc","Pinaceae"
"Pisyl","Pinus","sylvestris","Scotch pine","PISY","130","290541","61.103998","","","","",""
"Pitae","Pinus","taeda","loblolly pine","PITA","131","406851","61.355507","","","Pinus taeda L.","Pin taeda","Pinaceae"
"Pivir","Pinus","virginiana","Virginia pine","PIVI2","132","389796","61.449892","","","Pinus virginiana Mill.","Pin de Virginie","Pinaceae"
"Plaqu","Planera","aquatica","water-elm, planertree","PLAQ","722","215155","61.191916","","","Planera aquatica J.F. Gmel.","Orme des marécages","Ulmaceae"
"Plocc","Platanus","occidentalis","American sycamore","PLOC","731","421411","61.198815","PV","","Platanus occidentalis L.","Platane d'Amérique","Platanaceae"
"Poalb","Populus","alba","silver poplar","POAL7","752","6275","55.613821","","","","",""
"Pobal","Populus","balsamifera","balsam poplar","POBA2","741","487053","61.484498","PA","PEB","Populus balsamifera L.","Peuplier baumier","Salicaceae"
"Podel","Populus","deltoides","eastern cottonwood","PODE3","742","375797","61.191916","PL","PED","Populus deltoides W. Bartram ex Marshall","Peuplier deltoïde","Salicaceae"
"Pogra","Populus","grandidentata","bigtooth aspen","POGR4","743","494114","61.449892","PD","PEG","Populus grandidentata Michx.","Peuplier à grandes dents","Salicaceae"
"Pohet","Populus","heterophylla","swamp cottonwood","POHE4","744","131986","60.416825","","","","",""
"Ponig","Populus","nigra","Lombardy poplar","PONI","753","556","49.305416","","","","",""
"Potre","Populus","tremuloides","quaking aspen","POTR5","746","523427","61.484498","PT","PET","Populus tremuloides Michx.","Peuplier faux-tremble","Salicaceae"
"Prame","Prunus","americana","American plum","PRAM","766","273746","61.191916","","","Prunus americana Marsh.","Prunier d'Amérique","Rosaceae"
"Pravi","Prunus","avium","sweet cherry, domesticated","PRAV","771","82402","61.292216","","","","",""
"Prcer","Prunus","cerasus","sour cherry, domesticated","PRCE","772","795","60.340916","","","","",""
"Prnig","Prunus","nigra","Canada plum","PRNI","765","8922","61.191916","","","","",""
"Prpen","Prunus","pensylvanica","pin cherry","PRPE2","761","420931","61.33211","","","Prunus pensylvanica L. f.","Cerisier de Pennsylvanie","Rosaceae"
"Prper","Prunus","persica","peach","PRPE3","764","5350","49.35","","","","",""
"Prser","Prunus","serotina","black cherry","PRSE2","762","582984","61.373918","CT","CET","Prunus serotina Ehrh.","Cerisier noir","Rosaceae"
"Prvir","Prunus","virginiana","chokecherry","PRVI","763","428943","61.411785","","","","",""
"Psmen","Pseudotsuga","menziesii","Douglas-fir","PSME","202","15067","60.700395","","","","",""
"Qualb","Quercus","alba","white oak","QUAL","802","562003","61.449892","CB","CHB","Quercus alba L.","Chêne blanc","Fagaceae"
"Qubic","Quercus","bicolor","swamp white oak","QUBI","804","385258","61.191916","CI","CHE","Quercus bicolor Willd.","Chêne bicolore","Fagaceae"
"Qucoc","Quercus","coccinea","scarlet oak","QUCO2","806","501318","61.223755","","","Quercus coccinea Münchh.","Chêne écarlate","Fagaceae"
"Qudou","Quercus","douglasii","blue oak","QUDO","807","61222","48.978378","","","","",""
"Quell","Quercus","ellipsoidalis","northern pin oak","QUEL","809","431256","61.354273","","","Quercus ellipsoidalis E.J. Hill","Chêne ellipsoïdal","Fagaceae"
"Qufal","Quercus","falcata","southern red oak","QUFA","812","408239","61.259813","","","Quercus falcata Michx.","Chêne digité","Fagaceae"
"Quili","Quercus","ilicifolia","scrub oak","QUIL","816","119088","61.142771","","","Quercus ilicifolia Wangenh.","Chêne à feuilles de houx","Fagaceae"
"Quimb","Quercus","imbricaria","shingle oak","QUIM","817","338341","61.193265","","","Quercus imbricata Buch.-Ham. ex D.Don","Chêne imbriqué","Fagaceae"
"Quinc","Quercus","incana","bluejack oak","QUIN","842","249109","61.191916","","","","",""
"Qulae","Quercus","laevis","turkey oak","QULA2","819","329180","61.315297","","","Quercus laevis Walter","Chêne turkey","Fagaceae"
"Qulau","Quercus","laurifolia","laurel oak","QULA3","820","373343","61.191916","","","Quercus laurifolia Michx.","Chêne à feuilles de laurier","Fagaceae"
"Qulyr","Quercus","lyrata","overcup oak","QULY","822","316093","61.191916","","","Quercus lyrata Walter","Chêne lyré","Fagaceae"
"Qumac","Quercus","macrocarpa","bur oak","QUMA2","823","496529","61.484498","CG","CHG","Quercus macrocarpa Michx.","Chêne à gros fruits","Fagaceae"
"Qumarg","Quercus","margarettiae","dwarf post oak","QUMA6","840","307369","61.191916","","","","",""
"Qumari","Quercus","marilandica","blackjack oak","QUMA3","824","419905","61.191916","","","","",""
"Qumic","Quercus","michauxii","swamp chestnut oak","QUMI","825","325587","61.191916","","","Quercus michauxii Nutt.","Chêne des montagnes","Fagaceae"
"Qumin","Quercus","minima","dwarf live oak","QUMI2","841","241769","61.191916","","","","",""
"Qumue","Quercus","muehlenbergii","chinkapin oak","QUMU","826","394973","61.191916","","","Quercus muehlenbergii Engelm.","Chêne jaune","Fagaceae"
"Qunig","Quercus","nigra","water oak","QUNI","827","386468","61.191916","","","Quercus nigra L.","Chêne aquatique","Fagaceae"
"Quogl","Quercus","oglethorpensis","Oglethorpe oak","QUOG","844","5832","49.28","","","","",""
"Qupag","Quercus","pagoda","cherrybark oak","QUPA5","813","333831","61.191916","","","","",""
"Qupal","Quercus","palustris","pin oak","QUPA2","830","371980","61.191916","","","Quercus palustris Muenchh.","Chêne des marais","Fagaceae"
"Quphe","Quercus","phellos","willow oak","QUPH","831","357839","61.191916","","","Quercus phellos L.","Chêne à feuilles de saule","Fagaceae"
"Qupri","Quercus","prinus","chestnut oak","QUPR2","832","441432","61.484498","","","Quercus prinus L.","Chêne châtaignier","Fagaceae"
"Qurub","Quercus","rubra","northern red oak","QURU","833","577473","61.484498","CR","CHR","Quercus rubra L.","Chêne rouge","Fagaceae"
"Qushu","Quercus","shumardii","Shumard oak","QUSH","834","320320","61.191916","","","Quercus shumardii Buckl.","Chêne de Shumard","Fagaceae"
"Qusim","Quercus","similis","Delta post oak","QUSI2","836","79729","61.191916","","","","",""
"Quste","Quercus","stellata","post oak","QUST","835","455259","61.259813","","","Quercus stellata Wangenh.","Chêne étoilé","Fagaceae"
"Qutex","Quercus","texana","Texas red oak","QUTE","828","235112","61.191916","","","","",""
"Quvel","Quercus","velutina","black oak","QUVE","837","543991","61.484498","","","Quercus velutina Lam.","Chêne des teinturiers","Fagaceae"
"Quvir","Quercus","virginiana","live oak","QUVI","838","347959","61.315297","","","Quercus virginiana Mill.","Chêne de Virginie","Fagaceae"
"Rhman","Rhizophora","mangle","American mangrove","RHMA2","989","33021","49.34","","","","",""
"Ropse","Robinia","pseudoacacia","black locust","ROPS","901","465494","61.484498","RF","","Robinia pseudoacacia L.","Robinier faux-acacia","Fabaceae"
"Saalb","Sassafras","albidum","sassafras","SAAL5","931","507507","61.449892","","","Sassafras albidum (Nutt.) Nees","Sassafras officinal","Lauraceae"
"Saalba","Salix","alba","white willow","SAAL2","927","16625","59.934828","","","","",""
"Saamy","Salix","amygdaloides","peachleaf willow","SAAM2","921","79645","61.103998","","","","",""
"Sabeb","Salix","bebbiana","Bebb willow","SABE2","923","86326","61.191916","","","","",""
"Sacar","Salix","caroliniana","coastal plain willow","SACA5","925","132281","61.191916","","","","",""
"Sanig","Salix","nigra","black willow","SANI","922","379913","61.411785","","","Salix nigra Marsh.","Saule noir","Salicaceae"
"Sapal","Sabal","palmetto","cabbage palmetto","SAPA","912","324237","61.191916","","","","",""
"Sapyr","Salix","pyrifolia","balsam willow","SAPY","926","1016","48.96","","","","",""
"Sasep","Salix","sepulcralis","weeping willow","SASE10","929","8742","49.31","","","","",""
"Sisal","Sideroxylon","salicifolium","white bully, willow bustic","SISA6","891","1499","48.99","","","","",""
"Soame","Sorbus","americana","American mountain-ash","SOAM3","935","145897","61.513154","","","Sorbus americana Marsh.","Sorbier d'Amérique","Rosaceae"
"Soauc","Sorbus","aucuparia","European mountain-ash","SOAU","936","2486","56.33168","","","","",""
"Sodec","Sorbus","decora","northern mountain-ash","SODE3","937","125","56.070183","","","","",""
"Swmah","Swietenia","mahagoni","West Indian mahogany","SWMA2","940","611","48.94","","","","",""
"Sycum","Syzygium","cumini","Java plum","SYCU","896","1108","48.96","","","","",""
"Taasc","Taxodium","ascendens","pondcypress","TAAS","222","366461","61.191916","","","","",""
"Tadis","Taxodium","distichum","baldcypress","TADI2","221","343049","61.191916","","","Taxodium distichum (L.) Rich.","Cyprès chauve","Taxodiaceae"
"Thmor","Thrinax","morrisii","key thatch palm","THMO4","913","889","56.024831","","","","",""
"Thocc","Thuja","occidentalis","northern white-cedar","THOC2","241","504354","61.513154","TO","THO","Thuja occidentalis L.","Thuya occidental","Cupressaceae"
"Tiame","Tilia","americana","American basswood","TIAM","951","545269","61.513154","TA","TIA","Tilia americana L.","Tilleul d'Amérique","Malvaceae"
"Trbro","Tree","broadleaf","Unknown dead hardwood","2TB","998","385368","61.315297","","","","",""
"Treve","Tree","evergreen","Unknown dead conifer","2TE","299","14123","60.37582","","","","",""
"Trseb","Triadica","sebifera","Chinese tallowtree","TRSE6","994","195296","61.191916","","","","",""
"Trunk","Tree","unknown","Other or unknown live tree","2TREE","999","408629","61.315297","","","","",""
"Tscan","Tsuga","canadensis","eastern hemlock","TSCA","261","535399","61.484498","PU","PRU","Tsuga canadensis (L.) Carrière","Pruche du Canada","Pinaceae"
"Tscar","Tsuga","caroliniana","Carolina hemlock","TSCA2","262","82761","60.416825","","","","",""
"Ulala","Ulmus","alata","winged elm","ULAL","971","389715","61.198815","","","Ulmus alata Michx.","Orme ailé","Ulmaceae"
"Ulame","Ulmus","americana","American elm","ULAM","972","564626","61.513154","OA","ORA","Ulmus americana L.","Orme d'Amérique","Ulmaceae"
"Ulcra","Ulmus","crassifolia","cedar elm","ULCR","973","143470","61.191916","","","","",""
"Ulpum","Ulmus","pumila","Siberian elm","ULPU","974","112617","61.179359","","","","",""
"Ulrub","Ulmus","rubra","slippery elm","ULRU","975","501565","61.349038","OO","ORR","Ulmus rubra Mühl.","Orme rouge","Ulmaceae"
"Ulser","Ulmus","serotina","September elm","ULSE","976","65573","59.934828","","","","",""
"Ultho","Ulmus","thomasii","rock elm","ULTH","977","305804","61.513154","OT","ORT","Ulmus thomasii Sarg.","Orme liège","Ulmaceae"
"Vefor","Vernicia","fordii","tungoil tree","VEFO","995","33004","60.37582","","","","",""
"","","","","","","","","PF","","Populus alba","Peuplier blanc","Salicaceae"
"","","","","","","","","MH","","","Mélèze hybride",""
"","","","","","","","","MJ","","","Mélèze japonais",""
"","","","","","","","","OR","","","Combinaison des ormes",""
"","","","","","","","","PN","","Populus nigra","Peuplier d'Italie","Salicaceae"
"","","","","","","","","","","Acer platanoïdes","Érable de Norvège","Sapindaceae"
"","","","","","","","","ER","","","Combinaison des érables",""
"","","","","","","","","FH","","","Association de feuillus sur station humide",""
"","","","","","","","","FI","","","Association de feuillus intolérants",""
"","","","","","","","","FN","","","Association de feuillus non commerciaux",""
"","","","","","","","","FT","","","Association de feuillus tolérants",""
"","","","","","","","","FX","","","Feuillus indéterminés",""
"","","","","","","","","FZ","","","Feuillus plantés indéterminés",""
"","","","","","","","","ME","","","Mélèze européen",""
"","","","","","","","","PH","","","Peuplier hybride","Salicaceae"
"","","","","","","","","PI","","","Combinaison des pins",""
"","","","","","","","","PO","","","Peuplier européen","Salicaceae"
"","","","","","","","","PE","","","Combinaison des peupliers",""
"","","","","","","","","RZ","","","Résineux plantés indéterminés",""
"","","","","","","","","SE","","","Association de sapin et d'épinette blanche",""
"","","","","","","","","CP","","Quercus pedonculata","Chêne pédonculé","Fagaceae"
"","","","","","","","","EV","","Picea abies","Épinette de Norvège","Pinaceae"
"","","","","","","","","CH","","","Combinaison des chênes",""
"","","","","","","","","EP","","","Combinaison des épinettes",""
"","","","","","","","","PS","","Pinus sylvestris","Pin sylvestre (d'Écosse)","Pinaceae"
"","","","","","","","","RX","","","Résineux indéterminés",""
